memberID,house,name,id,startDate,endDate,additionalInfo,additionalInfoLink
7,1,"Deputy Chair, Conservative Party",766,2004-09-01T00:00:00,2005-11-01T00:00:00,,
8,1,Leader of the Conservative Party,787,2016-07-11T00:00:00,2019-06-07T00:00:00,,
8,1,"Party Chair, Conservative Party",805,2002-07-23T00:00:00,2003-12-06T00:00:00,,
11,1,"Vice-Chair, Labour Party",824,2007-06-28T00:00:00,2010-05-06T00:00:00,,
13,1,"Deputy Chair, Conservative Party",766,1995-07-01T00:00:00,1998-07-01T00:00:00,,
17,1,Speaker of the House of Commons,817,2009-06-22T00:00:00,2019-11-04T00:00:00,,
19,1,"Chair, Parliamentary Office of Science and Technology",1100,2002-05-01T00:00:00,2005-03-01T00:00:00,,
29,1,"Vice-Chair, Conservative Party",823,1965-07-01T00:00:00,1971-07-01T00:00:00,,
33,1,"Party Chair, Conservative Party",805,2009-01-19T00:00:00,2010-05-06T00:00:00,,
33,1,"Deputy Chair, Conservative Party",766,2005-05-10T00:00:00,2007-07-03T00:00:00,,
33,1,"Vice-Chair, Conservative Party",823,1993-07-01T00:00:00,1997-05-01T00:00:00,,
36,1,Deputy Speaker and Chairman of Ways and Means,760,2020-01-08T00:00:00,,,
36,1,Deputy Speaker (First Deputy Chairman of Ways and Means),777,2013-10-16T00:00:00,2019-11-06T00:00:00,,
39,1,"Vice-Chair, Conservative Party 1922 Committee",1088,2008-07-01T00:00:00,2015-03-30T00:00:00,,
40,1,"Deputy Chair, Conservative Party",766,2005-12-01T00:00:00,2006-11-07T00:00:00,,
41,1,"Chair, Parliamentary Office of Science and Technology",1100,1993-04-01T00:00:00,1998-03-01T00:00:00,,
43,1,Deputy Speaker and Chairman of Ways and Means,760,2010-05-25T00:00:00,2010-06-08T00:00:00,,
43,1,Deputy Speaker and Chairman of Ways and Means,760,1997-05-01T00:00:00,2010-05-06T00:00:00,,
57,2,Deputy Chairman of Committees (Lords),1092,2022-05-19T00:00:00,,,
68,1,Deputy Leader of the Conservative Party,769,1998-06-02T00:00:00,1999-06-15T00:00:00,,
82,1,Leader of the Conservative Party,787,2003-11-06T00:00:00,2005-12-06T00:00:00,,
87,1,Deputy Speaker and Chairman of Ways and Means,760,2022-12-19T00:00:00,,,
87,1,Parliamentary Assembly of the Council of Europe (Full Member),1083,2012-01-23T00:00:00,2015-03-30T00:00:00,,
87,1,Parliamentary Assembly of the Council of Europe (Substitute Member),1084,2010-11-10T00:00:00,2012-01-23T00:00:00,,
87,1,"Vice-Chair, Conservative Party",823,2001-08-01T00:00:00,2003-07-31T00:00:00,,
87,1,Parliamentary Assembly of the Council of Europe (Substitute Member),1084,1987-10-01T00:00:00,1989-11-16T00:00:00,,
88,1,"Deputy Chair, Conservative Party",766,2010-09-04T00:00:00,2012-09-04T00:00:00,,
90,1,"Vice-Chair, Labour Party",824,2007-07-01T00:00:00,2010-05-06T00:00:00,,
92,1,"Chief Executive (Deputy Chair), Conservative Party",762,1998-07-01T00:00:00,1999-07-01T00:00:00,,
92,1,"Vice-Chair, Conservative Party",823,1997-07-01T00:00:00,1998-07-01T00:00:00,,
93,1,Second Church Estates Commissioner,1114,2010-06-21T00:00:00,2015-03-30T00:00:00,,
100,1,"Chair, Conservative Party 1922 Committee",757,1997-05-01T00:00:00,2001-06-07T00:00:00,,
115,1,"Party Chair, Conservative Party",805,2005-05-10T00:00:00,2007-07-03T00:00:00,,
117,1,Father of the House of Commons,776,2019-12-17T00:00:00,,,
119,1,Leader of the Conservative Party,787,1990-11-28T00:00:00,1997-06-19T00:00:00,,
121,1,"Party Chair, Conservative Party",805,1995-07-05T00:00:00,1997-05-01T00:00:00,,
123,1,"Vice-Chair, Conservative Party",823,1998-07-01T00:00:00,1999-07-01T00:00:00,,
127,1,"Chief Executive & Deputy Chair, Conservative Party",761,1999-07-01T00:00:00,2001-06-07T00:00:00,,
129,1,"Chair, Parliamentary Office of Science and Technology",1100,1998-03-02T00:00:00,2002-05-01T00:00:00,,
130,1,"Chair, Parliamentary Labour Party",758,2001-06-08T00:00:00,2002-10-24T00:00:00,,
134,1,Deputy Speaker (Second Deputy Chairman of Ways and Means),814,1997-05-01T00:00:00,2010-05-06T00:00:00,,
136,1,"Vice-Chair, Conservative Party",823,1998-01-01T00:00:00,1998-06-02T00:00:00,,
139,1,"Vice-Chair, Conservative Party",823,2005-12-12T00:00:00,2010-05-06T00:00:00,,
145,1,Mayor of London,802,2000-05-04T00:00:00,2008-05-01T00:00:00,,
145,1,"Member, Labour Party National Executive Committee",803,1997-07-01T00:00:00,1998-07-01T00:00:00,,
145,1,"Member, Labour Party National Executive Committee",803,1987-07-01T00:00:00,1989-07-01T00:00:00,,
150,1,Leader of the Labour Party,789,2015-05-08T00:00:00,2015-09-12T00:00:00,,
150,1,Deputy Leader of the Labour Party,770,2010-09-25T00:00:00,2015-05-08T00:00:00,,
150,1,Leader of the Labour Party,789,2010-05-12T00:00:00,2010-09-25T00:00:00,,
150,1,Deputy Leader of the Labour Party,770,2007-06-28T00:00:00,2010-05-06T00:00:00,,
150,1,"Party Chair, Labour Party",808,2007-06-28T00:00:00,2010-05-06T00:00:00,,
150,1,"Member, Labour Party National Executive Committee",803,1993-07-01T00:00:00,2010-05-06T00:00:00,,
152,1,Leader of the Conservative Party,787,2001-09-12T00:00:00,2003-11-06T00:00:00,,
154,1,"Party Chair, Conservative Party",805,1987-06-13T00:00:00,1989-07-24T00:00:00,,
155,1,Parliamentary Assembly of the Council of Europe (Substitute Member),1084,2010-11-10T00:00:00,2017-05-03T00:00:00,,
157,1,"Vice-Chair, Conservative Party",823,1998-07-01T00:00:00,1999-07-01T00:00:00,,
160,1,"Member, Labour Party National Executive Committee",803,1998-07-01T00:00:00,2001-07-01T00:00:00,,
160,1,"Chair, Parliamentary Labour Party",758,1997-05-10T00:00:00,2001-06-07T00:00:00,,
166,1,"Vice-Chair, Labour Party",824,2007-06-29T00:00:00,2008-09-14T00:00:00,,
172,1,"Member, Labour Party National Executive Committee",803,1994-01-01T00:00:00,1997-01-01T00:00:00,,
177,1,"Party Chair, Co-operative Party",806,2000-07-01T00:00:00,2019-06-08T00:00:00,,
185,1,Leader of the Labour Party,789,2015-09-12T00:00:00,2020-04-04T00:00:00,,
188,1,Leader of the Liberal Democrats,785,2020-08-27T00:00:00,,,
188,1,"Acting Leader, Liberal Democrats",755,2019-12-13T00:00:00,2020-08-27T00:00:00,,
188,1,"Deputy Leader, Liberal Democrats",772,2019-09-03T00:00:00,2019-12-13T00:00:00,,
194,1,"Deputy Leader, Liberal Democrats",772,2010-06-09T00:00:00,2014-01-29T00:00:00,,
194,1,"Party Chair, Liberal Democrats",1098,2005-01-01T00:00:00,2008-12-31T00:00:00,,
195,1,Father of the House of Commons,776,1992-04-09T00:00:00,2001-06-07T00:00:00,,
195,1,Leader of the Conservative Party,787,1965-08-02T00:00:00,1975-02-11T00:00:00,,
204,1,Chair of the Liberal Democrat Parliamentary Party,1087,2012-11-01T00:00:00,2013-06-05T00:00:00,,
207,1,Leader of the Liberal Democrats,785,2017-07-20T00:00:00,2019-07-22T00:00:00,,
207,1,"Acting Leader, Liberal Democrats",755,2007-10-15T00:00:00,2007-12-18T00:00:00,,
215,1,"Chair, Parliamentary Labour Party",758,2001-06-07T00:00:00,2005-05-05T00:00:00,,
217,1,Deputy Speaker (Second Deputy Chairman of Ways and Means),814,2010-06-08T00:00:00,2015-03-30T00:00:00,,
223,1,"Co-Chair, Conservative Party",764,2003-11-10T00:00:00,2005-05-10T00:00:00,,
228,1,Chair of the Liberal Democrat Parliamentary Party,1087,2003-06-12T00:00:00,2005-05-05T00:00:00,,
228,1,"Chair of Campaigns and Communications, Liberal Democrat Party",1112,1992-09-01T00:00:00,1994-09-01T00:00:00,,
228,1,"Chair of Communications, Liberal Democrat Party",1111,1989-06-16T00:00:00,1992-09-01T00:00:00,,
234,1,"Vice-Chair, Conservative Party",823,2001-07-01T00:00:00,2002-07-01T00:00:00,,
235,1,"Vice-Chair, Conservative Party",823,1993-07-01T00:00:00,1994-07-01T00:00:00,,
236,1,"Deputy Chair, Conservative Party",766,2005-08-01T00:00:00,2007-07-31T00:00:00,,
236,1,"Vice-Chair, Conservative Party",823,2001-08-01T00:00:00,2005-07-31T00:00:00,,
242,,"Vice-Chair, Conservative Party",823,1997-01-01T00:00:00,1998-01-01T00:00:00,,
245,1,"Vice-Chair, Conservative Party",823,2001-07-01T00:00:00,2002-07-01T00:00:00,,
258,1,Leader of the Liberal Democrats,785,1988-07-16T00:00:00,1999-08-09T00:00:00,,
259,1,Deputy Leader of the Conservative Party,769,2001-09-18T00:00:00,2005-12-06T00:00:00,,
259,1,"Party Chair, Conservative Party",805,1998-12-02T00:00:00,2001-09-18T00:00:00,,
259,1,"Deputy Chair, Conservative Party",766,1998-06-02T00:00:00,1998-12-02T00:00:00,,
270,1,"Chair, Conservative Party 1922 Committee",757,2001-06-07T00:00:00,2010-05-06T00:00:00,,
270,1,"Chair, Parliamentary Office of Science and Technology",1100,1991-04-01T00:00:00,1993-04-01T00:00:00,,
270,1,"Deputy Chair, Conservative Party",766,1983-07-01T00:00:00,1984-07-01T00:00:00,,
270,1,"Vice-Chair, Conservative Party",823,1981-07-01T00:00:00,1983-07-01T00:00:00,,
280,1,"Vice-Chair, Conservative Party",823,2012-09-11T00:00:00,2014-04-10T00:00:00,,
297,,"Member, Labour Party National Executive Committee",803,1974-08-01T00:00:00,1979-07-31T00:00:00,,
299,1,"Secretary General, Council of Europe",816,2004-01-01T00:00:00,2010-05-06T00:00:00,,
300,1,"Member, Labour Party National Executive Committee",803,1988-07-01T00:00:00,1998-07-01T00:00:00,,
311,1,Deputy Speaker (First Deputy Chairman of Ways and Means),777,2000-01-01T00:00:00,2010-05-06T00:00:00,,
312,1,Second Church Estates Commissioner,1114,2015-05-21T00:00:00,2019-11-06T00:00:00,,
312,1,"Party Chair, Conservative Party",805,2007-07-03T00:00:00,2009-01-19T00:00:00,,
315,2,Lord Speaker,1072,2016-09-01T00:00:00,2021-04-30T00:00:00,,
315,1,"Party Chair, Conservative Party",805,1992-04-11T00:00:00,1994-07-15T00:00:00,,
325,1,"Member, Labour Party National Executive Committee",803,1999-07-01T00:00:00,2010-05-06T00:00:00,,
325,1,"Member, Labour Party National Executive Committee",803,1994-07-01T00:00:00,1998-07-01T00:00:00,,
325,1,"Party Chair, Labour Party",808,1988-07-01T00:00:00,1989-07-01T00:00:00,,
325,1,"Vice-Chair, Labour Party",824,1987-07-01T00:00:00,1988-07-01T00:00:00,,
325,1,"Member, Labour Party National Executive Committee",803,1979-07-01T00:00:00,1992-07-01T00:00:00,,
326,1.0,"Party Chair, Labour Party",808,1971-08-01T00:00:00,1972-07-31T00:00:00,,
326,,"Member, Labour Party National Executive Committee",803,1962-08-01T00:00:00,1993-07-31T00:00:00,,
326,1.0,"Member, Labour Party National Executive Committee",803,1959-08-01T00:00:00,1960-07-31T00:00:00,,
328,1.0,"Member, Labour Party National Executive Committee",803,2012-01-01T00:00:00,2015-03-30T00:00:00,,
328,1.0,Leader of the Labour Party,789,1994-05-12T00:00:00,1994-07-21T00:00:00,,
328,1.0,Deputy Leader of the Labour Party,770,1992-04-10T00:00:00,1994-05-12T00:00:00,,
328,,"Member, Labour Party National Executive Committee",803,1980-08-01T00:00:00,1981-07-31T00:00:00,,
333,1,"Party Chair, Conservative Party",805,2016-07-14T00:00:00,2018-01-08T00:00:00,,
338,1,"Member, Labour Party National Executive Committee",803,2007-07-01T00:00:00,2010-05-06T00:00:00,,
343,1,"Vice-Chair, Conservative Party",823,1997-07-01T00:00:00,1998-07-01T00:00:00,,
348,1,Father of the House of Commons,776,2010-05-06T00:00:00,2015-03-30T00:00:00,,
350,1,"Vice-Chair, Conservative Party",823,1999-07-01T00:00:00,2000-07-01T00:00:00,,
352,2,Deputy Speaker (Lords),1093,2018-03-05T00:00:00,2019-09-08T00:00:00,,
352,2,Principal Deputy Chairman of Committees,955,2012-05-09T00:00:00,2019-09-08T00:00:00,,
366,1,Father of the House of Commons,776,2017-02-26T00:00:00,2019-11-06T00:00:00,,
369,1,"Deputy Chair, Labour Party",767,2007-08-01T00:00:00,2010-05-06T00:00:00,,
374,1,Deputy Leader of the Labour Party,770,1994-07-21T00:00:00,2007-06-24T00:00:00,,
374,1,"Member, Labour Party National Executive Committee",803,1989-07-01T00:00:00,2007-07-01T00:00:00,,
376,,"Member, Labour Party National Executive Committee",803,1995-08-01T00:00:00,1997-08-01T00:00:00,,
379,1,Leader of the Conservative Party,787,1997-06-19T00:00:00,2001-09-13T00:00:00,,
385,1,NATO Parliamentary Assembly (President),1086,2012-11-01T00:00:00,2014-11-30T00:00:00,,
385,1,Deputy Speaker,1052,2010-05-25T00:00:00,2010-06-08T00:00:00,,
385,1,NATO Parliamentary Assembly UK Delegation,1085,1997-01-01T00:00:00,2015-03-30T00:00:00,,
390,1,Deputy Speaker (First Deputy Chairman of Ways and Means),777,2020-01-08T00:00:00,,,
390,1,Deputy Speaker (Second Deputy Chairman of Ways and Means),814,2017-06-28T00:00:00,2019-11-06T00:00:00,,
394,1,Chairman of the House of Commons Members' Fund ,1113,2022-04-28T00:00:00,,,
395,1.0,"Party Chair, Labour Party",808,1993-08-01T00:00:00,1994-07-31T00:00:00,,
395,,"Member, Labour Party National Executive Committee",803,1983-08-01T00:00:00,1998-07-31T00:00:00,,
399,1,"Member, Labour Party National Executive Committee",803,1999-08-01T00:00:00,2005-08-01T00:00:00,,
426,1,"Member, Labour Party National Executive Committee",803,1981-08-01T00:00:00,1988-07-31T00:00:00,,
435,1,"Chair, Conservative Party 1922 Committee",757,2010-05-26T00:00:00,,,
446,1,Parliamentary Assembly of the Council of Europe (Full Member),1083,2013-01-21T00:00:00,2014-09-07T00:00:00,,
446,1,Parliamentary Assembly of the Council of Europe (Substitute Member),1084,2010-11-10T00:00:00,2013-01-21T00:00:00,,
448,1,"Party Chair, Labour Party",808,2003-04-04T00:00:00,2006-05-05T00:00:00,,
448,1,"Member, Labour Party National Executive Committee",803,1996-07-01T00:00:00,2010-05-06T00:00:00,,
450,1,"Chair, Parliamentary Labour Party",758,2006-12-05T00:00:00,2010-05-06T00:00:00,,
451,1,Father of the House of Commons,776,2015-05-07T00:00:00,2017-02-26T00:00:00,,
451,1,"Member, Labour Party National Executive Committee",803,1991-07-01T00:00:00,1992-07-01T00:00:00,,
454,1,"Member, Labour Party National Executive Committee",803,1983-07-01T00:00:00,1988-07-01T00:00:00,,
456,1,"Party Chair, Labour Party",808,2006-08-01T00:00:00,2007-07-31T00:00:00,,
456,1,"Member, Labour Party National Executive Committee",803,2004-08-01T00:00:00,2010-05-06T00:00:00,,
463,1,"Member, Labour Party National Executive Committee",803,1994-07-01T00:00:00,1995-07-01T00:00:00,,
467,1,Speaker of the House of Commons,817,2019-11-04T00:00:00,,,
467,1,Deputy Speaker and Chairman of Ways and Means,760,2010-06-08T00:00:00,2019-11-04T00:00:00,,
474,1,Deputy Speaker (Second Deputy Chairman of Ways and Means),814,2020-01-08T00:00:00,,,
474,1,Deputy Speaker (First Deputy Chairman of Ways and Means),777,2010-06-08T00:00:00,2013-09-11T00:00:00,,
474,1,"Vice-Chair, Conservative Party",823,1999-08-01T00:00:00,2001-07-31T00:00:00,,
491,1,"Member, Labour Party National Executive Committee",803,2005-08-01T00:00:00,2010-05-06T00:00:00,,
498,1,"Vice-Chair, Conservative Party",823,1999-08-01T00:00:00,2001-07-31T00:00:00,,
500,,European Commissioner,775,2004-11-22T00:00:00,2008-10-03T00:00:00,,
501,1,Second Church Estates Commissioner,1114,1997-05-01T00:00:00,2010-05-06T00:00:00,,
502,1,"Chair, Parliamentary Office of Science and Technology",1100,2005-03-01T00:00:00,2010-03-01T00:00:00,,
503,1,"Member, Labour Party National Executive Committee",803,1995-07-01T00:00:00,1997-07-01T00:00:00,,
506,1,"Member, Labour Party National Executive Committee",803,1985-08-01T00:00:00,1995-07-31T00:00:00,,
512,1,Leader of the Labour Party,789,1994-07-21T00:00:00,2007-06-24T00:00:00,,
513,2,Deputy Chairman of Committees (Lords),1092,2022-05-19T00:00:00,,,
535,1,"Deputy Presiding Officer, Welsh Assembly",774,2000-10-17T00:00:00,2007-05-01T00:00:00,,
544,,"Vice-Chair, Conservative Party",823,1980-07-01T00:00:00,1981-07-01T00:00:00,,
547,1,"Leader and Party President, Plaid Cymru",783,1991-01-01T00:00:00,2000-01-01T00:00:00,,
547,1,"Leader and Party President, Plaid Cymru",783,1981-01-01T00:00:00,1984-01-01T00:00:00,,
550,1,"Leader and Party President, Plaid Cymru",783,2000-01-01T00:00:00,2003-06-01T00:00:00,,
553,1.0,"Chair, Parliamentary Labour Party",758,2005-05-24T00:00:00,2006-12-05T00:00:00,,
553,1.0,Special Envoy to PM on Human Rights in Iraq,819,2003-05-26T00:00:00,2010-05-06T00:00:00,,
553,,"Member, Labour Party National Executive Committee",803,1983-08-01T00:00:00,1984-07-31T00:00:00,,
562,1,First Secretary for Wales,781,1999-05-12T00:00:00,2000-02-09T00:00:00,,
563,1,First Minister of Wales,780,2000-02-15T00:00:00,2009-12-09T00:00:00,,
564,1,Leader of the Labour Party,789,1992-07-18T00:00:00,1994-05-12T00:00:00,,
569,1,Father of the House of Commons,776,2005-05-05T00:00:00,2010-05-06T00:00:00,,
569,1,"Chair, Public Accounts Commission",759,2001-07-01T00:00:00,2010-05-06T00:00:00,,
577,1,First Minister of Scotland,779,2007-05-16T00:00:00,2014-11-19T00:00:00,,
577,1,"Leader, Scottish National Party",793,2004-09-03T00:00:00,2014-11-13T00:00:00,,
577,1,"Leader, Scottish National Party",793,1990-09-22T00:00:00,2000-09-26T00:00:00,,
577,1,"Deputy Leader, Scottish National Party",1097,1987-09-26T00:00:00,1990-09-22T00:00:00,,
578,1,"Party Chair, Liberal Democrats",1098,1995-01-01T00:00:00,1998-12-31T00:00:00,,
578,1,"Joint Leader, Social & Liberal Democrats",782,1988-03-03T00:00:00,1988-07-16T00:00:00,,
578,1,Leader of the Social Democratic Party,795,1987-08-28T00:00:00,1988-07-16T00:00:00,,
580,1,First Minister of Scotland,779,2000-10-27T00:00:00,2001-11-08T00:00:00,,
591,1,Leader of the Labour Party,789,2007-06-24T00:00:00,2010-05-06T00:00:00,,
604,,"Deputy Presiding Officer, Scottish Parliament",773,2007-06-01T00:00:00,2010-05-06T00:00:00,,
604,,"Deputy Leader, Scottish National Party",1097,1990-09-22T00:00:00,1991-09-01T00:00:00,,
615,1,"Deputy Leader, Liberal Democrats",772,2014-01-29T00:00:00,2015-03-30T00:00:00,,
617,1,"Party Chair, Labour Party",808,2002-10-24T00:00:00,2003-05-13T00:00:00,,
617,1,"Member, Labour Party National Executive Committee",803,2002-07-01T00:00:00,2003-07-01T00:00:00,,
622,1,Father of the House of Commons,776,2001-06-07T00:00:00,2005-05-05T00:00:00,,
622,1,"Member, Labour Party National Executive Committee",803,1986-08-01T00:00:00,1987-07-31T00:00:00,,
623,1,"Party Chair, Labour Party",808,1996-08-01T00:00:00,1997-07-31T00:00:00,,
625,,"Deputy Leader, Scottish National Party",1097,1984-01-01T00:00:00,1987-09-26T00:00:00,,
627,1,Leader of the Liberal Democrats,785,2006-03-02T00:00:00,2007-10-15T00:00:00,,
627,1,"Acting Leader, Liberal Democrats",755,2006-01-05T00:00:00,2006-03-01T00:00:00,,
628,1,"Leader, Scottish National Party",793,2000-09-26T00:00:00,2004-09-03T00:00:00,,
628,1,"Deputy Leader, Scottish National Party",1097,1998-08-25T00:00:00,2000-09-26T00:00:00,,
630,2,Liberal Democrat Leader in the House of Lords,800,2013-10-01T00:00:00,2016-09-13T00:00:00,,
633,1,"Deputy Leader, Scottish National Party",1097,2000-09-26T00:00:00,2004-09-03T00:00:00,,
634,1,Parliamentary Assembly of the Council of Europe (Substitute Member),1084,2010-11-10T00:00:00,2015-03-30T00:00:00,,
634,1,Leader of the Liberal Democrats,785,1999-08-09T00:00:00,2006-01-07T00:00:00,,
634,1,"Party Chair, Liberal Democrats",1098,1991-01-01T00:00:00,1994-12-31T00:00:00,,
642,,First Minister of Northern Ireland,778,2015-10-20T00:00:00,2016-01-11T00:00:00,,
642,1.0,First Minister of Northern Ireland,778,2010-02-04T00:00:00,2015-09-10T00:00:00,,
642,1.0,First Minister of Northern Ireland,778,2008-06-05T00:00:00,2010-01-11T00:00:00,,
645,1,President of Sinn FÃ©in,810,1983-07-01T00:00:00,2010-05-06T00:00:00,,
649,,Leader of the Social Democratic & Labour Party,794,1979-12-01T00:00:00,2001-11-01T00:00:00,,
651,1,Deputy First Minister of Northern Ireland,1106,2011-10-31T00:00:00,2017-01-09T00:00:00,,
651,1,Deputy First Minister of Northern Ireland,1106,2007-05-08T00:00:00,2011-09-20T00:00:00,,
652,1,Deputy First Minister of Northern Ireland,1106,1998-07-01T00:00:00,2001-11-06T00:00:00,,
654,1,Leader of the United Kingdom Unionist Party,798,1995-06-15T00:00:00,2008-09-01T00:00:00,,
658,1,First Minister of Northern Ireland,778,1998-06-25T00:00:00,2002-10-14T00:00:00,,
658,1,Leader of the Ulster Unionist Party,797,1995-09-08T00:00:00,2005-05-07T00:00:00,,
660,,"Member, Labour Party National Executive Committee",803,1982-07-01T00:00:00,1987-07-01T00:00:00,,
672,2,Secretary General of NATO,815,1999-10-11T00:00:00,2004-01-05T00:00:00,,
678,1,First Minister of Scotland,779,1999-05-06T00:00:00,2000-10-11T00:00:00,,
679,1,Speaker of the House of Commons,817,1992-04-09T00:00:00,2000-10-23T00:00:00,,
679,1,Deputy Speaker (Second Deputy Chairman of Ways and Means),814,1987-07-01T00:00:00,1992-04-01T00:00:00,,
679,1,"Member, Labour Party National Executive Committee",803,1981-08-01T00:00:00,1987-07-31T00:00:00,,
687,1,"Party Chair, Labour Party",808,1989-07-01T00:00:00,1990-07-01T00:00:00,,
687,1,"Member, Labour Party National Executive Committee",803,1979-07-01T00:00:00,1991-07-01T00:00:00,,
693,,Vice-President of the European Commission,825,1999-09-16T00:00:00,2004-11-21T00:00:00,,
693,,European Commissioner,775,1995-07-01T00:00:00,2004-11-21T00:00:00,,
693,1.0,"Party Chair, Labour Party",808,1987-07-01T00:00:00,1988-07-01T00:00:00,,
693,1.0,Leader of the Labour Party,789,1983-10-02T00:00:00,1992-07-18T00:00:00,,
693,1.0,"Member, Labour Party National Executive Committee",803,1978-07-01T00:00:00,1994-07-01T00:00:00,,
695,1,Speaker of the Northern Ireland Assembly,818,1982-10-20T00:00:00,1986-01-01T00:00:00,,
695,1,"Leader, Ulster Popular Unionist Party",799,1980-07-01T00:00:00,1995-03-20T00:00:00,,
704,,European Commissioner,775,1989-01-01T00:00:00,1994-01-01T00:00:00,,
705,1,"Deputy Leader, Scottish National Party",1097,1991-09-01T00:00:00,1992-09-25T00:00:00,,
707,,"Vice-Chair, Conservative Party",823,2000-07-01T00:00:00,2001-07-01T00:00:00,,
709,,European Commissioner,775,1995-09-26T00:00:00,1999-09-15T00:00:00,,
709,,"Vice-President, European Commission",826,1989-06-15T00:00:00,1993-06-15T00:00:00,,
709,,European Commissioner,775,1989-06-14T00:00:00,1999-09-15T00:00:00,,
725,1,"Party Chair, Labour Party",808,1983-07-01T00:00:00,1984-07-01T00:00:00,,
725,1,"Vice-Chair, Labour Party",824,1982-07-01T00:00:00,1983-07-01T00:00:00,,
725,1,"Member, Labour Party National Executive Committee",803,1975-07-01T00:00:00,1986-07-01T00:00:00,,
732,,Liberal Democrat Leader in the House of Lords,800,1988-07-16T00:00:00,1997-05-04T00:00:00,,
732,1.0,Leader of the Social Democratic Party,795,1982-07-07T00:00:00,1983-06-13T00:00:00,,
732,,President of the European Commission,811,1977-01-06T00:00:00,1981-01-19T00:00:00,,
732,1.0,Deputy Leader of the Labour Party,770,1970-06-19T00:00:00,1972-04-07T00:00:00,,
734,1,"Party Chair, Conservative Party",805,1994-07-15T00:00:00,1995-07-05T00:00:00,,
736,1,Second Church Estates Commissioner,1114,1987-01-01T00:00:00,1997-05-01T00:00:00,,
737,1,"Party Chair, Labour Party",808,1978-08-01T00:00:00,1979-07-31T00:00:00,,
737,1,"Member, Labour Party National Executive Committee",803,1967-08-01T00:00:00,1983-07-31T00:00:00,,
740,2,Liberal Democrat Leader in the House of Lords,800,2001-06-13T00:00:00,2004-06-22T00:00:00,,
740,1,"Member, Labour Party National Executive Committee",803,1970-07-01T00:00:00,1981-03-01T00:00:00,,
786,,"Treasurer, Conservative Party",820,2004-07-01T00:00:00,2005-07-01T00:00:00,,
787,1,"Deputy Chair & Treasurer, Conservative Party",765,1990-11-01T00:00:00,1992-04-01T00:00:00,,
801,1,"Chair, Parliamentary Labour Party",758,1981-10-01T00:00:00,1987-06-11T00:00:00,,
804,1,"Chair, Conservative Party 1922 Committee",757,1972-07-01T00:00:00,1984-07-01T00:00:00,,
804,1,"Party Chair, Conservative Party",805,1965-07-01T00:00:00,1967-07-01T00:00:00,,
805,2,Chair of Labour Peers,756,2000-07-01T00:00:00,2005-07-01T00:00:00,,
816,1,"Vice-Chair, Conservative Party",823,1970-07-01T00:00:00,1974-07-01T00:00:00,,
830,2,Deputy Speaker (Lords),1093,2002-12-09T00:00:00,,,
830,2,Deputy Chairman of Committees (Lords),1092,2002-05-02T00:00:00,,,
830,1,Deputy Speaker (Second Deputy Chairman of Ways and Means),814,1992-05-06T00:00:00,1997-05-01T00:00:00,,
831,1,Leader of the Labour Party,789,1980-11-03T00:00:00,1983-10-02T00:00:00,,
831,1,Deputy Leader of the Labour Party,770,1976-11-01T00:00:00,1980-11-10T00:00:00,,
831,1,"Member, Labour Party National Executive Committee",803,1971-08-01T00:00:00,1983-07-31T00:00:00,,
836,,"Vice-Chair, Conservative Party",823,1997-06-01T00:00:00,2001-07-31T00:00:00,,
849,1,Deputy Speaker and Chairman of Ways and Means,760,1968-01-01T00:00:00,1970-06-18T00:00:00,,
857,1,"Party Chair, Labour Party",808,1981-07-01T00:00:00,1982-07-01T00:00:00,,
857,1,"Vice-Chair, Labour Party",824,1980-07-01T00:00:00,1981-07-01T00:00:00,,
857,1,"Member, Labour Party National Executive Committee",803,1969-07-01T00:00:00,1983-07-01T00:00:00,,
858,1,Deputy Leader of the Labour Party,770,1983-10-02T00:00:00,1992-07-18T00:00:00,,
874,1,"Member, Labour Party National Executive Committee",803,1978-07-01T00:00:00,1982-07-01T00:00:00,,
878,1,Deputy Speaker (First Deputy Chairman of Ways and Means),777,1979-05-15T00:00:00,1982-05-28T00:00:00,,
878,1,Deputy Speaker (Second Deputy Chairman of Ways and Means),814,1976-02-03T00:00:00,1979-05-15T00:00:00,,
885,1,"Vice-Chair, Conservative Party",823,1955-01-01T00:00:00,1961-01-01T00:00:00,,
901,,"Chief Executive, Conservative Party",763,2003-02-14T00:00:00,2003-05-07T00:00:00,,
905,1,Deputy Speaker (First Deputy Chairman of Ways and Means),777,1992-01-01T00:00:00,1997-01-01T00:00:00,,
915,1.0,"Member, Labour Party National Executive Committee",803,1983-07-01T00:00:00,1987-07-01T00:00:00,,
915,1.0,"Vice-Chair, Labour Party",824,1980-07-01T00:00:00,1981-07-01T00:00:00,,
915,,"Member, Labour Party National Executive Committee",803,1972-07-01T00:00:00,1982-07-01T00:00:00,,
919,2,Liberal Democrat Leader in the House of Lords,800,2004-11-24T00:00:00,2013-10-15T00:00:00,,
931,1,"Party Chair, Conservative Party",805,1981-09-14T00:00:00,1983-06-10T00:00:00,,
940,2,Liberal Democrat Leader in the House of Lords,800,1997-05-02T00:00:00,2001-06-07T00:00:00,,
942,1,"Vice-Chair, Conservative Party",823,1979-05-04T00:00:00,1984-07-01T00:00:00,,
949,2,"Presiding Officer, Scottish Parliament",813,1999-05-12T00:00:00,2003-05-07T00:00:00,,
949,1,"Joint Founder, Social & Liberal Democrats",1101,1988-03-03T00:00:00,1988-07-16T00:00:00,,
949,1,Leader of the Liberal Party,791,1976-07-07T00:00:00,1988-07-16T00:00:00,,
951,1,"Member, Labour Party National Executive Committee",803,1981-07-01T00:00:00,1983-07-01T00:00:00,,
952,1,"Party Chair, Conservative Party",805,1985-09-03T00:00:00,1987-06-12T00:00:00,,
953,1,Leader of the Conservative Party,787,1975-02-11T00:00:00,1990-11-28T00:00:00,,
955,1,"Deputy Chair, Conservative Party",766,1990-07-01T00:00:00,1991-07-01T00:00:00,,
965,,"Party Chair, Liberal Democrats",1098,1989-01-01T00:00:00,1990-12-31T00:00:00,,
968,1,Deputy Speaker (First Deputy Chairman of Ways and Means),777,1982-05-01T00:00:00,1987-06-01T00:00:00,,
968,1,Deputy Speaker (Second Deputy Chairman of Ways and Means),814,1981-02-01T00:00:00,1982-05-01T00:00:00,,
971,1,"Member, Labour Party National Executive Committee",803,1976-08-01T00:00:00,1978-07-31T00:00:00,,
972,1,"Treasurer, Labour Party",821,1976-08-01T00:00:00,1981-07-31T00:00:00,,
973,1,"Vice-Chair, Conservative Party",823,1983-08-01T00:00:00,1992-07-31T00:00:00,,
979,1,Deputy Leader of the Labour Party,770,1980-11-04T00:00:00,1983-06-11T00:00:00,,
979,1,"Member, Labour Party National Executive Committee",803,1970-07-01T00:00:00,1975-07-01T00:00:00,,
982,,"Treasurer, Labour Party",821,1983-07-01T00:00:00,1984-07-01T00:00:00,,
992,1,Leader of the Social Democratic Party,795,1988-03-03T00:00:00,1990-06-06T00:00:00,,
992,1,Leader of the Social Democratic Party,795,1983-06-21T00:00:00,1987-08-06T00:00:00,,
994,1,"Vice-Chair, Conservative Party",823,1983-01-01T00:00:00,1985-01-01T00:00:00,,
995,1,"Vice-Chair, Conservative Party",823,1974-07-01T00:00:00,1975-07-01T00:00:00,,
996,1,"Deputy Leader, Liberal Democrats",772,1988-03-03T00:00:00,1992-07-01T00:00:00,,
997,1,"Member, Labour Party National Executive Committee",803,1982-07-01T00:00:00,1983-07-01T00:00:00,,
1000,1,"Party Chair, Labour Party",808,1994-07-01T00:00:00,1995-07-01T00:00:00,,
1000,1,"Chair, Parliamentary Labour Party",758,1992-04-20T00:00:00,1997-05-01T00:00:00,,
1000,1,"Member, Labour Party National Executive Committee",803,1983-07-01T00:00:00,1985-07-01T00:00:00,,
1000,1,"Member, Labour Party National Executive Committee",803,1978-07-01T00:00:00,1982-07-01T00:00:00,,
1005,,President and Leader of Plaid Cymru,809,1945-07-01T00:00:00,1981-07-01T00:00:00,,
1006,1,Deputy Speaker and Chairman of Ways and Means,760,1983-06-09T00:00:00,1992-04-09T00:00:00,,
1010,1,"Chair, Parliamentary Office of Science and Technology",1100,1989-04-01T00:00:00,1991-04-01T00:00:00,,
1016,1,Leader of the Labour Party,789,1963-02-14T00:00:00,1976-04-05T00:00:00,,
1016,1,"Party Chair, Labour Party",808,1961-07-01T00:00:00,1962-07-01T00:00:00,,
1019,1,"Vice-Chair, Conservative Party",823,1974-07-01T00:00:00,1976-07-01T00:00:00,,
1020,1.0,"Member, Labour Party National Executive Committee",803,1976-08-01T00:00:00,1978-07-31T00:00:00,,
1020,,"Member, Labour Party National Executive Committee",803,1971-08-01T00:00:00,1975-07-31T00:00:00,,
1022,1,"Vice-Chair, Conservative Party",823,1975-07-01T00:00:00,1979-07-01T00:00:00,,
1025,1,"Chair, Conservative Party 1922 Committee",757,1992-05-01T00:00:00,1997-05-01T00:00:00,,
1028,1,"Party Chair, Conservative Party",805,1989-07-24T00:00:00,1990-11-28T00:00:00,,
1042,1,"Vice-Chair, Conservative Party",823,1961-08-01T00:00:00,1965-07-31T00:00:00,,
1046,1,"Party Chair, Conservative Party",805,1970-07-01T00:00:00,1972-07-01T00:00:00,,
1049,1,"Vice-Chair, Conservative Party",823,1975-08-01T00:00:00,1979-07-31T00:00:00,,
1052,,"Party Chair, Independent Labour Party",807,1943-07-01T00:00:00,1948-07-01T00:00:00,,
1068,2,Chair of Labour Peers,756,1997-05-03T00:00:00,2000-07-01T00:00:00,,
1074,1,"Deputy Chair, Conservative Party",766,1975-08-01T00:00:00,1977-07-31T00:00:00,,
1074,1,"Treasurer, Conservative Party",820,1974-08-01T00:00:00,1975-07-31T00:00:00,,
1082,1,"Party Chair, Labour Party",808,1991-08-01T00:00:00,1992-07-31T00:00:00,,
1082,1,"Vice-Chair, Labour Party",824,1990-08-01T00:00:00,1991-07-31T00:00:00,,
1082,1,"Member, Labour Party National Executive Committee",803,1982-08-01T00:00:00,1996-07-31T00:00:00,,
1091,2.0,Deputy Chairman of Committees (Lords),1092,2020-04-21T00:00:00,2021-04-29T00:00:00,,
1091,2.0,Deputy Chairman of Committees (Lords),1092,2013-02-14T00:00:00,2013-10-07T00:00:00,,
1091,,"Deputy Chair, Conservative Party",766,2007-01-01T00:00:00,2010-05-06T00:00:00,,
1096,1,Deputy Speaker (First Deputy Chairman of Ways and Means),777,1987-06-29T00:00:00,1992-04-09T00:00:00,,
1096,1,Deputy Speaker (Second Deputy Chairman of Ways and Means),814,1982-05-01T00:00:00,1987-06-25T00:00:00,,
1104,1,"Deputy Chair, Conservative Party",766,1972-07-01T00:00:00,1974-03-01T00:00:00,,
1104,1,"Vice-Chair, Conservative Party",823,1965-01-01T00:00:00,1965-07-01T00:00:00,,
1106,1,"Member, Labour Party National Executive Committee",803,1978-08-01T00:00:00,1983-07-31T00:00:00,,
1113,1,"Member, Labour Party National Executive Committee",803,1983-07-01T00:00:00,1988-07-01T00:00:00,,
1113,1,"Member, Labour Party National Executive Committee",803,1970-07-01T00:00:00,1981-07-01T00:00:00,,
1116,,European Commissioner,775,1985-07-01T00:00:00,1989-07-01T00:00:00,,
1118,1,"Party Chair, Labour Party",808,1975-08-01T00:00:00,1976-08-01T00:00:00,,
1118,1,"Vice-Chair, Labour Party",824,1974-08-01T00:00:00,1975-08-01T00:00:00,,
1118,1,"Member, Labour Party National Executive Committee",803,1966-07-31T00:00:00,1981-07-31T00:00:00,,
1119,1,"Vice-Chair, Conservative Party",823,1994-07-01T00:00:00,1997-07-01T00:00:00,,
1124,2,"Leader of the Opposition, House of Lords",792,1997-05-01T00:00:00,1998-12-02T00:00:00,,
1133,,"Chairman of Committees, House of Lords",801,2000-07-01T00:00:00,2001-07-01T00:00:00,,
1136,,European Commissioner,775,2000-01-23T00:00:00,2004-11-22T00:00:00,,
1136,1.0,"Party Chair, Conservative Party",805,1990-11-28T00:00:00,1992-04-09T00:00:00,,
1164,,"Vice-Chair, Conservative Party",823,1983-07-01T00:00:00,1987-07-01T00:00:00,,
1174,1,Father of the House of Commons,776,1979-05-03T00:00:00,1983-06-09T00:00:00,,
1174,1,"Member, Labour Party National Executive Committee",803,1943-07-01T00:00:00,1944-07-01T00:00:00,,
1187,1,"Vice-Chair, Conservative Party",823,1984-07-01T00:00:00,1987-07-01T00:00:00,,
1201,1,"Deputy Chair, Conservative Party",766,2007-07-01T00:00:00,2010-05-06T00:00:00,,
1208,,Leader of the UK Independence Party,796,2002-07-01T00:00:00,2006-07-01T00:00:00,,
1211,1,"Vice-Chair, Conservative Party",823,1992-07-01T00:00:00,1993-07-01T00:00:00,,
1220,1,"Deputy Chair, Conservative Party",766,2003-07-01T00:00:00,2005-07-01T00:00:00,,
1220,1,"Vice-Chair, Conservative Party",823,1995-07-01T00:00:00,1997-07-01T00:00:00,,
1226,1,"Vice-Chair, Conservative Party",823,1995-07-01T00:00:00,1997-05-01T00:00:00,,
1226,1,"Deputy Chair, Conservative Party",766,1992-04-11T00:00:00,1995-07-01T00:00:00,,
1230,1,"Vice-Chair, Conservative Party",823,1990-04-01T00:00:00,1997-05-01T00:00:00,,
1240,1,"Deputy Chair, Conservative Party",766,1986-07-01T00:00:00,1988-07-01T00:00:00,,
1251,1,Deputy Speaker and Chairman of Ways and Means,760,1992-05-06T00:00:00,1997-05-01T00:00:00,,
1272,1,"Deputy Chair, Conservative Party",766,1992-07-01T00:00:00,1994-07-01T00:00:00,,
1277,1,"Deputy Chair, Conservative Party",766,1986-07-01T00:00:00,1989-07-01T00:00:00,,
1314,1,"Leader, Scottish National Party",793,1979-08-01T00:00:00,1990-08-01T00:00:00,,
1316,2,Principal Deputy Chairman of Committees,955,2010-06-02T00:00:00,2012-05-08T00:00:00,,
1316,2,Deputy Speaker (Lords),1093,2008-12-18T00:00:00,2015-05-23T00:00:00,,
1360,1,"Chair, Parliamentary Labour Party",758,1979-05-05T00:00:00,1981-10-01T00:00:00,,
1366,1,"Chair, Parliamentary Labour Party",758,1974-03-01T00:00:00,1974-10-10T00:00:00,,
1366,1,"Party Chair, Labour Party",808,1970-07-01T00:00:00,1971-07-01T00:00:00,,
1366,1,"Member, Labour Party National Executive Committee",803,1950-07-01T00:00:00,1978-07-01T00:00:00,,
1398,,"Member, Labour Party National Executive Committee",803,1994-08-01T00:00:00,1998-07-31T00:00:00,,
1405,1,"Vice-Chair, Conservative Party",823,2016-07-15T00:00:00,2017-05-03T00:00:00,,
1410,,"Member, Labour Party National Executive Committee",803,1993-07-01T00:00:00,2001-07-01T00:00:00,,
1423,1,Leader of the Conservative Party,787,2019-07-23T00:00:00,2022-09-05T00:00:00,,
1423,1,Mayor of London,802,2008-05-02T00:00:00,2016-05-05T00:00:00,,
1423,1,"Vice-Chair, Conservative Party",823,2003-07-01T00:00:00,2004-07-01T00:00:00,,
1426,1,"Vice-Chair, Conservative Party",823,2003-07-01T00:00:00,2005-07-01T00:00:00,,
1427,,Mayor of Greater Manchester,1102,2017-05-08T00:00:00,,,
1431,1,Chair of the Liberal Democrat Parliamentary Party,1087,2013-06-05T00:00:00,2015-03-30T00:00:00,,
1433,1,"Deputy Leader, Scottish National Party",1097,2016-10-13T00:00:00,2017-05-03T00:00:00,,
1447,1,"Co Chair, British-Irish Parliamentary Assembly",1115,2016-07-04T00:00:00,2022-10-11T00:00:00,,
1447,1,NATO Parliamentary Assembly UK Delegation,1085,2015-11-23T00:00:00,2019-11-06T00:00:00,,
1447,1,"Vice-Chair, Conservative Party",823,2004-07-01T00:00:00,2005-07-01T00:00:00,,
1453,1,Second Church Estates Commissioner,1114,2020-01-10T00:00:00,,,
1463,1,"Party Chair, Labour Party",808,2015-09-12T00:00:00,2017-06-14T00:00:00,,
1463,1,Deputy Leader of the Labour Party,770,2015-09-12T00:00:00,2019-11-06T00:00:00,,
1463,1,"Deputy Chair, Labour Party",767,2011-10-07T00:00:00,2013-07-04T00:00:00,,
1463,1,"Member, Labour Party National Executive Committee",803,2005-07-01T00:00:00,2010-05-06T00:00:00,,
1467,1,Leader of the Conservative Party,787,2005-12-06T00:00:00,2016-07-11T00:00:00,,
1467,1,"Deputy Chair, Conservative Party",766,2003-08-01T00:00:00,2004-07-31T00:00:00,,
1496,,"Vice-Chair, Conservative Party",823,2001-07-01T00:00:00,2005-07-01T00:00:00,,
1507,1,Deputy Speaker (Second Deputy Chairman of Ways and Means),814,2015-06-03T00:00:00,2017-05-03T00:00:00,,
1509,,"Member, Labour Party National Executive Committee",803,2000-07-01T00:00:00,2005-07-01T00:00:00,,
1510,1,Leader of the Labour Party,789,2010-09-25T00:00:00,2015-03-30T00:00:00,,
1513,1,Leader of the Liberal Democrats,785,2019-07-22T00:00:00,2019-12-13T00:00:00,,
1513,1,"Deputy Leader, Liberal Democrats",772,2017-06-20T00:00:00,2019-07-22T00:00:00,,
1514,1,"Deputy Leader, Scottish National Party",1097,2014-11-14T00:00:00,2016-10-13T00:00:00,,
1526,1,"Party Chair, Conservative Party",805,2023-02-07T00:00:00,,,
1540,1,Liberal Democrat Parliamentary Campaigns Chair,1094,2015-07-29T00:00:00,2016-06-28T00:00:00,,
1555,1,"Vice-Chair (Youth), Conservative Party",822,2005-07-01T00:00:00,2010-05-06T00:00:00,,
1563,1,Leader of the Liberal Democrats,785,2007-12-18T00:00:00,2015-05-08T00:00:00,,
1567,1,Chair of the Liberal Democrat Parliamentary Party,1087,2007-10-25T00:00:00,2012-11-01T00:00:00,,
1577,1,Mayor of London,802,2016-05-09T00:00:00,,,
1582,1,"Co-Chair, Conservative Party",764,2005-07-01T00:00:00,2010-05-06T00:00:00,,
1586,1,"Chair, Parliamentary Office of Science and Technology",1100,2010-11-16T00:00:00,2017-05-03T00:00:00,,
1587,1,"Member, Labour Party National Executive Committee",803,2007-06-01T00:00:00,2010-05-06T00:00:00,,
1591,1,Leader of the Liberal Democrats,785,2015-07-16T00:00:00,2017-07-20T00:00:00,,
1591,1,"Party Chair, Liberal Democrats",1098,2011-01-01T00:00:00,2014-12-31T00:00:00,,
1594,,Deputy First Minister of Northern Ireland,1106,2001-11-06T00:00:00,2002-10-14T00:00:00,,
1594,,Leader of the Social Democratic & Labour Party,794,2001-10-01T00:00:00,2010-05-06T00:00:00,,
1596,1,Leader of the  Social Democratic & Labour Party,786,2011-11-15T00:00:00,2015-03-30T00:00:00,,
1601,1,Parliamentary Assembly of the Council of Europe (Substitute Member),1084,2013-01-15T00:00:00,2015-03-30T00:00:00,,
1601,1,"Vice-Chair, Conservative Party",823,2012-09-01T00:00:00,2015-03-30T00:00:00,,
1601,1,"Deputy Chair, Conservative Party",766,2007-07-01T00:00:00,2010-05-06T00:00:00,,
1618,2,Principal Deputy Chairman of Committees,955,1992-05-06T00:00:00,1994-11-02T00:00:00,,
1649,2,Lord Speaker,1072,2006-07-04T00:00:00,2011-05-09T00:00:00,,
1722,1,"Deputy Chair, Conservative Party",766,1975-02-12T00:00:00,1991-08-04T00:00:00,,
1722,1,"Party Chair, Conservative Party",805,1974-02-28T00:00:00,1975-02-11T00:00:00,,
1729,2,Principal Deputy Chairman of Committees,955,1979-12-20T00:00:00,1982-11-03T00:00:00,,
1736,2,Convenor of the Crossbench Peers,1076,1995-06-20T00:00:00,1999-11-30T00:00:00,,
1736,1,Speaker of the House of Commons,817,1983-06-15T00:00:00,1992-04-09T00:00:00,,
1736,1,Deputy Speaker and Chairman of Ways and Means,760,1979-05-03T00:00:00,1983-06-15T00:00:00,,
1787,2,"Chairman of Committees, House of Lords",801,2001-03-29T00:00:00,2002-11-13T00:00:00,,
1787,2,Principal Deputy Chairman of Committees,955,1994-11-16T00:00:00,2001-03-29T00:00:00,,
1828,2,Deputy Speaker (Lords),1093,2010-11-29T00:00:00,2020-05-23T00:00:00,,
1828,2,Deputy Chairman of Committees (Lords),1092,2010-06-02T00:00:00,2021-05-20T00:00:00,,
1830,1,"Treasurer, Labour Party",821,1981-07-01T00:00:00,1983-07-01T00:00:00,,
1861,2,Deputy Chairman of Committees (Lords),1092,2014-06-12T00:00:00,2020-05-01T00:00:00,,
1861,2,Deputy Speaker (Lords),1093,2010-11-29T00:00:00,2020-05-01T00:00:00,,
1861,2,Deputy Chairman of Committees (Lords),1092,2010-06-02T00:00:00,2012-05-09T00:00:00,,
1916,2,Liberal Democrat Leader in the House of Lords,800,2016-09-13T00:00:00,,,
1961,1,Leader of the Ulster Unionist Party,797,1979-07-01T00:00:00,1995-07-01T00:00:00,,
1973,2,Liberal Democrat Leader in the House of Lords,800,1988-07-16T00:00:00,1997-12-19T00:00:00,,
2004,2,Convenor of the Crossbench Peers,1076,2015-09-28T00:00:00,2019-09-30T00:00:00,,
2005,2,Deputy Speaker (Lords),1093,1999-03-16T00:00:00,2018-03-05T00:00:00,,
2005,2,Deputy Chairman of Committees (Lords),1092,1993-03-29T00:00:00,2018-03-05T00:00:00,,
2017,2,Convenor of the Crossbench Peers,1076,1974-03-01T00:00:00,1995-06-19T00:00:00,,
2079,2,"Chairman of Committees, House of Lords",801,2015-09-07T00:00:00,2016-08-31T00:00:00,,
2079,2,Convenor of the Crossbench Peers,1076,2011-09-05T00:00:00,2015-09-28T00:00:00,,
2124,2,"Chairman of Committees, House of Lords",801,2012-05-09T00:00:00,2015-07-27T00:00:00,,
2124,2,Deputy Speaker (Lords),1093,2010-11-29T00:00:00,2015-07-27T00:00:00,,
2125,2,Principal Deputy Chairman of Committees,955,1986-11-12T00:00:00,1992-03-16T00:00:00,,
2134,2,Deputy Chairman of Committees (Lords),1092,2020-04-21T00:00:00,,,
2218,,Convenor of the Crossbench Peers,1076,1964-01-01T00:00:00,1974-02-28T00:00:00,,
2431,1,Deputy Speaker (Second Deputy Chairman of Ways and Means),814,1979-05-04T00:00:00,1981-02-23T00:00:00,,
2438,2,Convenor of the Crossbench Peers,1076,2004-09-07T00:00:00,2007-11-05T00:00:00,,
2465,1,"Member, Labour Party National Executive Committee",803,1987-07-01T00:00:00,1997-07-01T00:00:00,,
2465,1,"Party Chair, Labour Party",808,1977-07-01T00:00:00,1978-07-01T00:00:00,,
2465,1,"Member, Labour Party National Executive Committee",803,1967-07-01T00:00:00,1982-07-01T00:00:00,,
2472,2,Deputy Speaker (Lords),1093,2008-12-18T00:00:00,,,
2472,2,Deputy Chairman of Committees (Lords),1092,2007-11-13T00:00:00,,,
2478,2,Deputy Speaker (Lords),1093,2018-03-05T00:00:00,,,
2478,2,Deputy Chairman of Committees (Lords),1092,2017-11-06T00:00:00,2023-06-12T00:00:00,,
2501,2,Deputy Chairman of Committees (Lords),1092,2020-07-29T00:00:00,,,
2505,2,Deputy Speaker (Lords),1093,2008-12-18T00:00:00,2018-03-05T00:00:00,,
2505,2,Deputy Chairman of Committees (Lords),1092,2008-12-09T00:00:00,2018-03-05T00:00:00,,
2506,2,Deputy Speaker (Lords),1093,2008-12-18T00:00:00,,,
2506,2,Deputy Chairman of Committees (Lords),1092,2007-11-13T00:00:00,,,
2534,2,Deputy Speaker (Lords),1093,2018-03-05T00:00:00,2021-04-29T00:00:00,,
2534,2,Deputy Chairman of Committees (Lords),1092,2012-02-29T00:00:00,2021-04-29T00:00:00,,
2541,2,Deputy Speaker (Lords),1093,2008-12-18T00:00:00,2018-04-20T00:00:00,,
2541,2,Deputy Chairman of Committees (Lords),1092,2007-11-13T00:00:00,2018-04-20T00:00:00,,
2542,2,Deputy Chairman of Committees (Lords),1092,2023-06-12T00:00:00,,,
2542,2,"Party Chair, Liberal Democrats",1098,2009-01-01T00:00:00,2010-12-31T00:00:00,,
2547,2,Co-Deputy Leader of the Liberal Democrat Peers,1107,2017-10-01T00:00:00,,,
2595,2,Deputy Speaker (Lords),1093,2002-12-09T00:00:00,,,
2595,2,Deputy Chairman of Committees (Lords),1092,2000-04-18T00:00:00,,,
2665,2,Deputy Speaker (Lords),1093,2002-12-09T00:00:00,,,
2665,2,Deputy Chairman of Committees (Lords),1092,2002-05-02T00:00:00,,,
2684,2,Principal Deputy Chairman of Committees,955,1974-05-02T00:00:00,1974-11-06T00:00:00,,
2685,2,Co-Deputy Leader of the Liberal Democrat Peers,1107,2017-10-01T00:00:00,,,
2685,2,"Party Chair, Liberal Democrats",1098,2001-01-01T00:00:00,2004-12-31T00:00:00,,
2780,1,Leader of the  Social Democratic & Labour Party,786,1970-08-24T00:00:00,1979-11-22T00:00:00,,
2816,2,"Presiding Officer, National Assembly for Wales",812,1999-05-12T00:00:00,2011-05-06T00:00:00,,
2816,1,Leader of Plaid Cymru,784,1984-07-01T00:00:00,1991-07-01T00:00:00,,
2825,2,Principal Deputy Chairman of Committees,955,1982-11-03T00:00:00,1986-11-12T00:00:00,,
2830,1,Speaker of the House of Commons,817,1976-02-03T00:00:00,1983-06-09T00:00:00,,
2830,1,Deputy Speaker and Chairman of Ways and Means,760,1974-02-28T00:00:00,1976-02-03T00:00:00,,
2977,1,"Party Chair, Labour Party",808,1974-07-01T00:00:00,1975-07-01T00:00:00,,
2977,1,"Member, Labour Party National Executive Committee",803,1965-07-01T00:00:00,1980-07-01T00:00:00,,
2977,1,"Member, Labour Party National Executive Committee",803,1960-07-01T00:00:00,1964-07-01T00:00:00,,
2977,1,"Member, Labour Party National Executive Committee",803,1957-07-01T00:00:00,1958-07-01T00:00:00,,
3078,1,Leader of the Liberal Party,791,1976-05-12T00:00:00,1976-07-07T00:00:00,,
3078,1,Leader of the Liberal Party,791,1956-11-05T00:00:00,1967-01-17T00:00:00,,
3091,1,"Deputy Chair, Conservative Party",766,1975-07-01T00:00:00,1979-07-01T00:00:00,,
3121,2,Deputy Speaker (Lords),1093,2010-11-29T00:00:00,2018-10-31T00:00:00,,
3121,2,Deputy Chairman of Committees (Lords),1092,2010-10-13T00:00:00,2018-10-31T00:00:00,,
3128,2,Deputy Speaker (Lords),1093,1999-03-16T00:00:00,2021-08-15T00:00:00,,
3128,2,Deputy Chairman of Committees (Lords),1092,1998-12-07T00:00:00,2021-08-15T00:00:00,,
3163,2,Deputy Chairman of Committees (Lords),1092,2008-12-09T00:00:00,2010-11-01T00:00:00,,
3179,2,Deputy Speaker (Lords),1093,2002-12-09T00:00:00,,,
3179,2,Deputy Chairman of Committees (Lords),1092,2002-11-19T00:00:00,,,
3202,1,"Chair, Conservative Party 1922 Committee",757,1984-07-01T00:00:00,1992-04-09T00:00:00,,
3206,1,"Chair, Parliamentary Labour Party",758,1987-06-11T00:00:00,1992-04-09T00:00:00,,
3326,1,Father of the House of Commons,776,1983-06-09T00:00:00,1987-06-11T00:00:00,,
3326,1,Leader of the Labour Party,789,1976-04-05T00:00:00,1980-11-03T00:00:00,,
3326,1,"Party Chair, Labour Party",808,1973-07-01T00:00:00,1974-07-01T00:00:00,,
3326,1,"Treasurer, Labour Party",821,1967-07-01T00:00:00,1976-04-15T00:00:00,,
3326,1,"Member, Labour Party National Executive Committee",803,1957-08-01T00:00:00,1980-07-31T00:00:00,,
3329,2,Deputy Speaker (Lords),1093,1999-03-16T00:00:00,2023-08-27T00:00:00,,
3329,2,Deputy Chairman of Committees (Lords),1092,1993-04-29T00:00:00,2023-06-12T00:00:00,,
3385,2,Convenor of the Crossbench Peers,1076,1999-12-01T00:00:00,2004-09-06T00:00:00,,
3394,2,Deputy Speaker (Lords),1093,2008-12-18T00:00:00,2016-11-10T00:00:00,,
3394,2,Deputy Chairman of Committees (Lords),1092,2007-11-13T00:00:00,2016-11-10T00:00:00,,
3397,2,Lord Great Chamberlain,1082,1990-05-08T00:00:00,2022-09-08T00:00:00,,
3474,2,Deputy Speaker (Lords),1093,2008-12-18T00:00:00,2014-10-14T00:00:00,,
3474,2,Deputy Chairman of Committees (Lords),1092,2007-10-08T00:00:00,2014-10-14T00:00:00,,
3478,2,Deputy Chairman of Committees (Lords),1092,2020-04-21T00:00:00,2021-07-22T00:00:00,,
3493,2,Deputy Speaker (Lords),1093,2002-12-09T00:00:00,2012-05-01T00:00:00,,
3493,2,"Chairman of Committees, House of Lords",801,2002-11-13T00:00:00,2012-05-08T00:00:00,,
3493,2,Principal Deputy Chairman of Committees,955,2001-03-29T00:00:00,2002-11-07T00:00:00,,
3497,1,Father of the House of Commons,776,1987-06-11T00:00:00,1992-06-01T00:00:00,,
3504,2,Deputy Speaker (Lords),1093,2008-12-18T00:00:00,2018-01-24T00:00:00,,
3504,2,Deputy Chairman of Committees (Lords),1092,2008-10-07T00:00:00,2018-01-24T00:00:00,,
3573,2,Deputy Speaker (Lords),1093,2002-12-09T00:00:00,2019-07-22T00:00:00,,
3573,2,Deputy Chairman of Committees (Lords),1092,2002-05-02T00:00:00,2012-02-29T00:00:00,,
3592,2,Principal Deputy Chairman of Committees,955,2002-11-13T00:00:00,2010-06-01T00:00:00,,
3609,2,Deputy Speaker (Lords),1093,2018-03-05T00:00:00,,,
3609,2,Deputy Chairman of Committees (Lords),1092,2017-11-06T00:00:00,,,
3641,2,Convenor of the Lords Spiritual,1099,2009-11-01T00:00:00,2015-05-18T00:00:00,,
3679,2,Deputy Speaker (Lords),1093,2018-03-05T00:00:00,,,
3679,2,Deputy Chairman of Committees (Lords),1092,2015-07-08T00:00:00,,,
3681,2,Deputy Speaker (Lords),1093,2010-11-29T00:00:00,,,
3681,2,Deputy Chairman of Committees (Lords),1092,2010-06-02T00:00:00,,,
3709,2,Lord Speaker,1072,2011-09-05T00:00:00,2016-08-31T00:00:00,,
3709,2,Convenor of the Crossbench Peers,1076,2007-11-06T00:00:00,2011-09-04T00:00:00,,
3787,2,Deputy Speaker (Lords),1093,2018-03-05T00:00:00,2019-10-03T00:00:00,,
3787,2,Deputy Chairman of Committees (Lords),1092,2014-10-14T00:00:00,2019-10-03T00:00:00,,
3808,2,Deputy Speaker (Lords),1093,2018-03-05T00:00:00,2022-03-11T00:00:00,,
3808,2,Deputy Chairman of Committees (Lords),1092,2015-07-08T00:00:00,2022-03-11T00:00:00,,
3839,2,"Co-Chair, Conservative Party",764,2010-05-12T00:00:00,2012-09-04T00:00:00,,
3842,2,Deputy Speaker (Lords),1093,2018-03-05T00:00:00,,,
3842,2,Deputy Chairman of Committees (Lords),1092,2015-06-17T00:00:00,,,
3863,2,Deputy Chairman of Committees (Lords),1092,2012-05-16T00:00:00,2016-07-06T00:00:00,,
3867,2,Convenor of the Crossbench Peers,1076,2019-10-01T00:00:00,2023-04-27T00:00:00,,
3899,1,Speaker of the House of Commons,817,2000-10-23T00:00:00,2009-06-22T00:00:00,,
3899,1,Deputy Speaker (First Deputy Chairman of Ways and Means),777,1997-05-01T00:00:00,2000-10-23T00:00:00,,
3930,1.0,Co-Leader of the Green Party,1105,2016-09-02T00:00:00,2018-09-15T00:00:00,,
3930,,Leader of the Green Party,1104,2008-09-05T00:00:00,2012-09-05T00:00:00,,
3938,1,Leader of the Independent Group for Change,1110,2019-07-05T00:00:00,2019-11-06T00:00:00,,
3938,1,Leader of Change UK - The Independent Group,1109,2019-06-04T00:00:00,2019-07-05T00:00:00,,
3987,1,"Vice-Chair, Conservative Party",823,2018-01-08T00:00:00,2018-11-15T00:00:00,,
3992,1,"Vice-Chair, Conservative Party",823,2018-01-08T00:00:00,2019-11-06T00:00:00,,
3996,1,"Vice-Chair, Conservative Party",823,2018-01-08T00:00:00,2018-11-13T00:00:00,,
4009,1,"Party Chair, Conservative Party",805,2018-01-08T00:00:00,2019-07-24T00:00:00,,
4018,1,"Vice-Chair, Conservative Party",823,2018-01-08T00:00:00,2019-05-24T00:00:00,,
4021,1,"Vice-Chair, Conservative Party",823,2018-01-08T00:00:00,2019-11-06T00:00:00,,
4024,1,"Vice-Chair, Conservative Party",823,2018-01-08T00:00:00,2019-11-06T00:00:00,,
4035,,Mayor of Liverpool City Region,1103,2017-05-08T00:00:00,,,
4097,1,Leader of the Conservative Party,787,2022-09-05T00:00:00,2022-10-24T00:00:00,,
4113,1,"Party Chair, Conservative Party",805,2022-10-25T00:00:00,2023-01-29T00:00:00,,
4139,1,"Party Chair, Labour Party",808,2017-06-14T00:00:00,2020-04-05T00:00:00,,
4148,2,Lord Speaker,1072,2021-05-01T00:00:00,,,
4148,2,Senior Deputy Speaker,1096,2016-09-01T00:00:00,2021-04-30T00:00:00,,
4149,1,First Minister of Northern Ireland,778,2007-05-08T00:00:00,2008-06-05T00:00:00,,
4149,1,Leader of the Democratic Unionist Party,788,1971-09-30T00:00:00,2008-05-31T00:00:00,,
4153,2,Deputy Chairman of Committees (Lords),1092,2021-06-10T00:00:00,,,
4154,1,"Party Chair, Conservative Party",805,1983-06-11T00:00:00,1985-09-02T00:00:00,,
4154,1,"Vice-Chair, Conservative Party",823,1972-07-01T00:00:00,1974-07-01T00:00:00,,
4158,2,Deputy Speaker (Lords),1093,2018-03-05T00:00:00,2021-06-09T00:00:00,,
4158,2,Deputy Chairman of Committees (Lords),1092,2018-02-01T00:00:00,2021-06-09T00:00:00,,
4161,2,Senior Deputy Speaker,1096,2021-05-11T00:00:00,,,
4162,1.0,"Deputy Chair, Conservative Party",766,2006-07-01T00:00:00,2010-05-06T00:00:00,,
4162,,"Deputy Chair, Conservative Party",766,1994-07-01T00:00:00,1995-07-01T00:00:00,,
4174,2,Deputy Chairman of Committees (Lords),1092,2014-06-12T00:00:00,2018-03-05T00:00:00,,
4177,2,Deputy Speaker (Lords),1093,2018-03-05T00:00:00,,,
4177,2,Deputy Chairman of Committees (Lords),1092,2017-11-06T00:00:00,,,
4179,2,Deputy Chairman of Committees (Lords),1092,2020-07-29T00:00:00,,,
4187,2,Convenor of the Lords Spiritual,1099,2015-05-18T00:00:00,2022-09-22T00:00:00,,
4193,2.0,"Party Chair, Conservative Party",805,2015-05-11T00:00:00,2016-07-14T00:00:00,,
4193,,"Co-Chair, Conservative Party",764,2010-05-12T00:00:00,2015-05-11T00:00:00,,
4202,2,Deputy Speaker (Lords),1093,2018-03-05T00:00:00,,,
4202,2,Deputy Chairman of Committees (Lords),1092,2017-11-06T00:00:00,,,
4211,1,"Deputy Chair, Conservative Party",766,2004-12-01T00:00:00,2005-03-01T00:00:00,,
4214,2,Deputy Speaker (Lords),1093,2018-03-05T00:00:00,,,
4214,2,Deputy Chairman of Committees (Lords),1092,2017-11-06T00:00:00,2023-06-12T00:00:00,,
4215,2,Deputy Chairman of Committees (Lords),1092,2021-05-20T00:00:00,,,
4241,2,"Acting Leader, Liberal Democrats",755,2019-12-13T00:00:00,2020-01-01T00:00:00,,
4241,2,"Party Chair, Liberal Democrats",1098,2015-01-01T00:00:00,2020-01-01T00:00:00,,
4247,2,Deputy Chairman of Committees (Lords),1092,2023-06-12T00:00:00,,,
4247,2,Deputy Chairman of Committees (Lords),1092,2019-10-03T00:00:00,2022-10-20T00:00:00,,
4248,2,Deputy Chairman of Committees (Lords),1092,2023-06-12T00:00:00,,,
4303,2,Deputy Chairman of Committees (Lords),1092,2022-05-19T00:00:00,,,
4308,2,Convenor of the Lords Spiritual,1099,2022-09-23T00:00:00,,,
4311,2,Deputy Chairman of Committees (Lords),1092,2022-10-20T00:00:00,,,
4354,2,Convenor of the Crossbench Peers,1076,2023-04-28T00:00:00,,,
4354,2,Deputy Chairman of Committees (Lords),1092,2020-01-09T00:00:00,,,
4354,2,Principal Deputy Chairman of Committees,955,2019-09-09T00:00:00,2021-04-29T00:00:00,,
4356,1,"Party Chair, Labour Party",808,2020-04-05T00:00:00,2021-05-09T00:00:00,,
4356,1,Deputy Leader of the Labour Party,770,2020-04-04T00:00:00,,,
4366,1,"Co-Chair, Conservative Party",764,2019-07-24T00:00:00,2020-02-13T00:00:00,,
4366,1,"Deputy Chair, Conservative Party",766,2018-01-08T00:00:00,2019-04-04T00:00:00,,
4369,1,"Vice-Chair, Conservative Party",823,2018-07-27T00:00:00,2019-01-15T00:00:00,,
4396,1,"Member, Labour Party National Executive Committee",803,2015-09-27T00:00:00,2019-11-06T00:00:00,,
4441,1,"Co-Chair, Conservative Party",764,2021-09-15T00:00:00,2022-06-24T00:00:00,,
4449,1,"Party Chair, Co-operative Party",806,2019-06-08T00:00:00,2020-12-12T00:00:00,,
4454,1,"Co-Chair, Conservative Party",764,2020-02-13T00:00:00,2021-09-15T00:00:00,,
4483,1,Leader of the Conservative Party,787,2022-10-24T00:00:00,,,
4492,1,"Vice-Chair, Conservative Party",823,2018-01-08T00:00:00,2018-07-10T00:00:00,,
4514,1,Leader of the Labour Party,789,2020-04-04T00:00:00,,,
4516,1,"Acting Leader, Change UK",1108,2019-04-18T00:00:00,2019-06-04T00:00:00,,
4527,1,"Deputy Chair, Conservative Party",766,2019-04-17T00:00:00,2019-09-10T00:00:00,,
4527,1,"Vice-Chair, Conservative Party",823,2018-07-27T00:00:00,2019-04-17T00:00:00,,
4566,2,Deputy Chairman of Committees (Lords),1092,2020-07-29T00:00:00,,,
4581,2,Deputy Chairman of Committees (Lords),1092,2020-07-29T00:00:00,2021-11-04T00:00:00,,
4597,1,"Vice-Chair, Conservative Party",823,2018-01-08T00:00:00,2019-07-27T00:00:00,,
4657,1,"Party Chair, Labour Party",808,2021-05-09T00:00:00,,,
4663,1,"Vice-Chair, Conservative Party",823,2018-01-08T00:00:00,2018-07-10T00:00:00,,
4686,2,Deputy Chairman of Committees (Lords),1092,2020-04-21T00:00:00,,,
4702,2,Deputy Chairman of Committees (Lords),1092,2020-04-21T00:00:00,2023-10-26T00:00:00,,
4706,2,Deputy Chairman of Committees (Lords),1092,2022-05-19T00:00:00,,,
4712,2,Lord Great Chamberlain,1082,2022-09-08T00:00:00,,,
4743,1,"Deputy Chair, Conservative Party",766,2023-02-07T00:00:00,,,
4769,1,"Deputy Leader, Liberal Democrats",772,2020-09-13T00:00:00,,,
4925,2,Deputy Chairman of Committees (Lords),1092,2023-11-15T00:00:00,,,
